City_ID,City,Country,Lat,Lng,Max Temp,Humidity,Cloudiness,Wind Speed,Current Description
0,Punta Arenas,CL,-53.15,-70.9167,55.51,50,0,12.66,clear sky
1,Kahului,US,20.8947,-156.47,74.84,90,40,4.61,scattered clouds
2,Klaksvik,FO,62.2266,-6.589,41.92,74,100,28.88,overcast clouds
3,Vuktyl,RU,63.8567,57.3094,2.37,90,79,3.47,broken clouds
4,Albany,US,42.6001,-73.9662,32.95,84,100,1.99,light snow
5,Hilo,US,19.7297,-155.09,75.27,46,90,4.61,light rain
6,San Cristobal,VE,7.7669,-72.225,71.78,44,85,5.64,overcast clouds
7,Vila Franca Do Campo,PT,37.7167,-25.4333,65.19,63,97,4.56,overcast clouds
8,Ust-Tsilma,RU,65.441,52.1498,6.3,92,94,4.72,overcast clouds
9,Thaton,MM,16.9206,97.3714,73.24,73,1,2.91,clear sky
10,Lagoa,PT,39.05,-27.9833,60.3,54,99,1.39,overcast clouds
11,Ribeira Grande,PT,38.5167,-28.7,63.0,59,75,5.75,broken clouds
12,Cape Town,ZA,-33.9258,18.4232,81.12,53,0,4.0,clear sky
13,Skibbereen,IE,51.55,-9.2667,40.8,57,13,21.72,few clouds
14,Itarema,BR,-2.9248,-39.9167,89.69,53,11,17.65,few clouds
15,Ushuaia,AR,-54.8,-68.3,53.22,46,75,18.41,broken clouds
16,Bluff,NZ,-46.6,168.3333,52.81,88,100,4.25,overcast clouds
17,Atuona,PF,-9.8,-139.0333,77.58,77,89,16.08,light rain
18,Barrow,US,71.2906,-156.7887,8.62,78,90,28.77,light snow
19,Port Elizabeth,ZA,-33.918,25.5701,69.1,83,90,10.36,light rain
20,Longyearbyen,SJ,78.2186,15.6401,26.44,80,75,1.14,broken clouds
21,Tessalit,ML,20.1986,1.0114,84.78,8,49,1.52,scattered clouds
22,Cabo San Lucas,MX,22.8909,-109.9124,76.51,68,95,3.0,overcast clouds
23,Bilibino,RU,68.0546,166.4372,-33.54,99,100,2.19,overcast clouds
24,Vaini,TO,-21.2,-175.2,75.36,88,75,6.91,broken clouds
25,Ano Mera,GR,37.45,25.4,57.94,54,20,2.3,few clouds
26,Katsuura,JP,35.1333,140.3,53.19,77,100,25.57,overcast clouds
27,Nome,US,64.5011,-165.4064,12.27,73,90,10.36,overcast clouds
28,Butaritari,KI,3.0707,172.7902,82.11,78,98,11.65,light rain
29,Aracaju,BR,-10.9111,-37.0717,85.95,70,20,14.97,few clouds
30,Inhambane,MZ,-23.865,35.3833,80.19,65,74,10.2,broken clouds
31,Bredasdorp,ZA,-34.5322,20.0403,71.28,68,81,16.11,broken clouds
32,Asau,RO,46.4333,26.4,30.96,82,100,1.48,overcast clouds
33,Touros,BR,-5.1989,-35.4608,88.7,59,42,14.85,scattered clouds
34,Ancud,CL,-41.8697,-73.8203,76.23,64,1,6.67,clear sky
35,Skegness,GB,53.1436,0.3363,45.37,85,100,24.85,overcast clouds
36,Thompson,CA,55.7435,-97.8558,-36.24,74,75,0.0,broken clouds
37,Araouane,ML,18.9048,-3.5265,83.62,9,51,8.97,broken clouds
38,Dikson,RU,73.5069,80.5464,0.79,94,100,22.35,overcast clouds
39,Saint-Philippe,RE,-21.3585,55.7679,78.39,72,23,10.09,few clouds
40,Husavik,IS,66.0449,-17.3389,17.51,69,14,16.35,few clouds
41,Almaznyy,RU,48.0448,40.045,42.94,90,98,8.5,overcast clouds
42,Moerai,PF,-22.4333,-151.3333,77.86,81,100,15.17,overcast clouds
43,Hermanus,ZA,-34.4187,19.2345,80.91,67,55,19.77,broken clouds
44,Smolenka,RU,52.1352,113.4974,6.87,85,85,2.24,overcast clouds
45,San Fernando,PH,15.0286,120.6898,78.82,75,90,7.27,overcast clouds
46,Jamestown,US,42.097,-79.2353,29.52,87,90,3.0,light snow
47,Fallon,US,39.4735,-118.7774,30.07,93,75,4.61,broken clouds
48,Hobart,AU,-42.8794,147.3294,50.05,79,87,3.44,overcast clouds
49,Arraial Do Cabo,BR,-22.9661,-42.0278,71.46,88,75,12.66,light rain
50,Puerto Ayora,EC,-0.7393,-90.3518,75.16,77,93,9.8,overcast clouds
51,Tateyama,JP,34.9833,139.8667,53.1,68,100,28.74,overcast clouds
52,Gao,ML,16.6362,1.637,86.63,8,24,8.99,few clouds
53,Dhidhdhoo,MV,6.8833,73.1,81.73,75,22,7.85,few clouds
54,Tuatapere,NZ,-46.1333,167.6833,52.83,92,100,4.56,light rain
55,East London,ZA,-33.0153,27.9116,70.74,94,90,9.22,light intensity drizzle
56,Rikitea,PF,-23.1203,-134.9692,75.16,66,16,16.55,few clouds
57,Caala,AO,-12.8525,15.5606,71.13,95,99,4.25,heavy intensity rain
58,Villa Sandino,NI,12.0483,-84.9936,81.77,77,97,15.77,overcast clouds
59,Stromness,GB,58.965,-3.296,44.85,76,97,26.06,overcast clouds
60,Lebu,CL,-37.6167,-73.65,62.31,76,22,19.46,few clouds
61,Maragogi,BR,-9.0122,-35.2225,85.51,62,57,13.27,broken clouds
62,Bethel,US,41.3712,-73.414,38.98,66,75,5.75,broken clouds
63,Berlevag,NO,70.8578,29.0864,15.75,57,0,19.57,clear sky
64,Rudnogorsk,RU,57.2639,103.7519,4.96,87,100,11.21,overcast clouds
65,Ulladulla,AU,-35.35,150.4667,59.77,92,100,3.78,moderate rain
66,Hithadhoo,MV,-0.6,73.0833,81.82,75,100,10.8,overcast clouds
67,Panaba,MX,21.2833,-88.2667,84.45,59,95,8.41,overcast clouds
68,Port Macquarie,AU,-31.4333,152.9167,64.89,95,99,2.82,light rain
69,Colorado Springs,US,38.8339,-104.8214,47.21,28,75,1.01,broken clouds
70,Rindal,NO,63.0565,9.2124,16.57,78,100,7.92,overcast clouds
71,Belyy Yar,RU,53.6039,91.3903,8.85,75,0,0.0,clear sky
72,Verkhnyaya Toyma,RU,62.2349,44.9985,15.48,96,100,4.83,light snow
73,Pacific Grove,US,36.6177,-121.9166,55.42,91,1,1.01,mist
74,Mar Del Plata,AR,-38.0023,-57.5575,80.62,90,0,21.0,clear sky
75,Torbay,CA,47.6666,-52.7314,35.58,64,75,13.8,broken clouds
76,Cap Malheureux,MU,-19.9842,57.6142,81.09,72,11,5.01,few clouds
77,Bathsheba,BB,13.2167,-59.5167,84.81,70,40,21.85,scattered clouds
78,Lasa,IT,46.6166,10.7002,31.46,96,100,3.27,light snow
79,Kalugumalai,IN,9.15,77.7167,79.54,74,61,6.76,broken clouds
80,Vanavara,RU,60.34,102.2797,0.34,92,100,10.47,overcast clouds
81,San Patricio,US,28.017,-97.5169,67.87,62,16,1.41,few clouds
82,Moron,AR,-34.6534,-58.6198,80.92,46,56,5.99,broken clouds
83,Hobyo,SO,5.3505,48.5268,79.09,77,99,20.54,overcast clouds
84,Port Hedland,AU,-20.3167,118.5667,84.25,65,5,4.61,clear sky
85,Botucatu,BR,-22.8858,-48.445,72.25,49,62,9.15,broken clouds
86,Iqaluit,CA,63.7506,-68.5145,6.53,72,90,13.8,light shower snow
87,Bubaque,GW,11.2833,-15.8333,82.2,48,73,7.11,broken clouds
88,Mataura,NZ,-46.1927,168.8643,52.48,97,98,0.47,overcast clouds
89,Kushiro,JP,42.975,144.3747,33.8,73,100,7.07,overcast clouds
90,Busselton,AU,-33.65,115.3333,73.98,58,1,9.35,clear sky
91,Nikolskoye,RU,59.7035,30.7861,6.69,99,100,2.24,overcast clouds
92,Bambous Virieux,MU,-20.3428,57.7575,80.85,69,40,6.91,scattered clouds
93,Yellowknife,CA,62.456,-114.3525,3.72,92,90,10.36,light snow
94,Qaanaaq,GL,77.484,-69.3632,9.34,62,100,11.34,overcast clouds
95,Carnarvon,AU,-24.8667,113.6333,71.67,88,40,12.66,scattered clouds
96,Yaan,NG,7.3833,8.5667,96.37,13,48,6.8,scattered clouds
97,Buraydah,SA,26.326,43.975,73.85,19,100,6.02,overcast clouds
98,Ostrovnoy,RU,68.0531,39.5131,13.39,79,62,3.67,broken clouds
99,Atar,MR,20.5169,-13.0499,83.71,7,97,15.17,overcast clouds
100,Kapaa,US,22.0752,-159.319,75.52,75,75,6.91,light rain
101,Tuktoyaktuk,CA,69.4541,-133.0374,8.6,92,90,12.66,overcast clouds
102,Wajima,JP,37.4,136.9,52.97,66,82,15.43,broken clouds
103,Avera,US,33.194,-82.5271,47.86,95,100,4.85,overcast clouds
104,Korla,CN,41.7597,86.1469,28.42,53,47,3.78,scattered clouds
105,Avarua,CK,-21.2078,-159.775,77.05,94,90,2.3,light rain
106,Berdigestyakh,RU,62.0989,126.6992,-16.69,99,100,4.05,overcast clouds
107,Port Alfred,ZA,-33.5906,26.891,68.34,91,100,15.41,light rain
108,Comodoro Rivadavia,AR,-45.8667,-67.5,58.86,44,0,16.11,clear sky
109,Przasnysz,PL,53.0191,20.8803,24.39,78,31,11.27,scattered clouds
110,Varzea Da Palma,BR,-17.5981,-44.7308,86.83,51,47,3.11,scattered clouds
111,Batagay-Alyta,RU,67.8006,130.4114,-28.37,91,100,1.48,overcast clouds
112,Vanimo,PG,-2.6741,141.3028,78.04,89,100,5.91,overcast clouds
113,General Roca,AR,-39.0333,-67.5833,64.8,47,95,23.62,overcast clouds
114,Half Moon Bay,US,37.4636,-122.4286,54.3,95,90,4.61,overcast clouds
115,Padang,ID,-0.9492,100.3543,75.25,88,58,4.14,broken clouds
116,Kilindoni,TZ,-7.9139,39.6668,80.82,77,100,9.84,light rain
117,Beringovskiy,RU,63.05,179.3167,-0.94,98,100,16.35,light snow
118,Bastia,FR,42.6667,9.3333,54.3,76,75,8.01,broken clouds
119,Mwene-Ditu,CD,-7.0,23.45,70.92,94,92,1.92,light rain
120,Coihaique,CL,-45.5752,-72.0662,64.35,52,40,9.22,scattered clouds
121,Wanaka,NZ,-44.7,169.15,50.52,84,59,4.18,light rain
122,Vao,NC,-22.6667,167.4833,77.56,86,0,9.35,clear sky
123,Palauig,PH,15.435,119.9045,75.7,69,89,8.43,overcast clouds
124,Coquimbo,CL,-29.9533,-71.3436,64.13,67,20,14.97,few clouds
125,Teknaf,BD,20.8624,92.3058,75.88,82,1,2.82,clear sky
126,Guanica,PR,17.9716,-66.908,87.13,62,10,7.0,clear sky
127,Norman Wells,CA,65.282,-126.8329,18.3,93,100,15.9,light snow
128,Kavieng,PG,-2.5744,150.7967,81.48,80,100,13.35,light rain
129,Coxim,BR,-18.5067,-54.76,87.26,47,52,6.4,broken clouds
130,Northam,GB,51.0333,-4.2167,46.62,69,66,27.85,broken clouds
131,Mao,ES,39.8885,4.2658,54.16,54,20,13.8,few clouds
132,Cassilandia,BR,-19.1133,-51.7342,81.34,54,0,5.95,clear sky
133,Luang Prabang,LA,19.8856,102.1347,60.94,81,2,0.96,clear sky
134,Guerrero Negro,MX,27.9769,-114.0611,62.6,74,100,6.42,overcast clouds
135,Mexticacan,MX,21.2654,-102.7798,64.38,32,98,2.59,overcast clouds
136,Leningradskiy,RU,69.3833,178.4167,-7.46,93,100,15.66,overcast clouds
137,Benavente,ES,42.0025,-5.6783,43.88,64,67,15.61,broken clouds
138,Georgetown,MY,5.4112,100.3354,82.89,77,20,1.99,few clouds
139,Baghdad,IQ,33.3406,44.4009,66.11,48,0,19.57,clear sky
140,Pevek,RU,69.7008,170.3133,-20.22,99,100,2.28,overcast clouds
141,Mazyr,BY,52.0495,29.2456,21.52,93,100,13.0,light snow
142,Provideniya,RU,64.3833,-173.3,5.14,94,100,19.19,overcast clouds
143,Asosa,ET,10.0667,34.5333,71.13,27,12,6.93,few clouds
144,Skerries,IE,53.5828,-6.1083,44.19,80,100,33.96,moderate rain
145,Mitsamiouli,KM,-11.3847,43.2844,84.49,70,40,6.91,light rain
146,Cherskiy,RU,68.75,161.3,-44.03,100,100,2.84,overcast clouds
147,Tasiilaq,GL,65.6145,-37.6368,32.16,89,100,32.55,light snow
148,Gushikawa,JP,26.3544,127.8686,65.43,82,1,8.05,clear sky
149,Kayerkan,RU,69.3497,87.7602,0.52,84,100,22.19,light snow
150,Bowen,AU,-20.0167,148.2333,75.42,79,51,5.39,broken clouds
151,Neuquen,AR,-38.9516,-68.0591,64.29,55,0,13.8,clear sky
152,Olafsvik,IS,64.8945,-23.7142,36.77,72,23,21.27,few clouds
153,Hoquiam,US,46.9809,-123.8893,47.01,77,40,13.8,scattered clouds
154,Chuy,UY,-33.6971,-53.4616,75.45,51,10,13.11,clear sky
155,Puerto Carreno,CO,6.189,-67.4859,85.98,62,84,11.5,broken clouds
156,Mount Gambier,AU,-37.8333,140.7667,44.51,87,43,5.75,scattered clouds
157,Kruisfontein,ZA,-34.0033,24.7314,66.88,92,100,7.38,overcast clouds
158,Venafro,IT,41.4834,14.0451,54.14,87,100,2.26,light rain
159,Seryshevo,RU,51.0933,128.3786,15.12,91,8,11.92,clear sky
160,Marsh Harbour,BS,26.5412,-77.0636,76.68,73,25,4.59,scattered clouds
161,Dese,ET,11.1333,39.6333,51.31,34,5,2.55,clear sky
162,Mahebourg,MU,-20.4081,57.7,80.89,69,40,6.91,scattered clouds
163,Henties Bay,NA,-22.116,14.2845,62.85,74,4,8.88,clear sky
164,Saint-Leu,RE,-21.15,55.2833,77.86,70,71,0.98,broken clouds
165,Zapolyarnyy,RU,69.4154,30.8136,-0.85,93,5,3.87,clear sky
166,New Norfolk,AU,-42.7826,147.0587,49.71,63,90,1.99,overcast clouds
167,Kaeo,NZ,-35.1,173.7833,58.32,95,28,1.23,scattered clouds
168,Belfast,GB,54.5833,-5.9333,46.22,84,75,11.5,light rain
169,Eenhana,NA,-17.4667,16.3333,91.62,24,89,7.58,overcast clouds
170,Steamboat Springs,US,40.485,-106.8317,35.31,100,1,0.0,clear sky
171,Laguna,US,38.421,-121.4238,51.22,97,90,1.99,fog
172,Grosseto,IT,42.8333,11.25,58.69,88,75,14.97,broken clouds
173,High Level,CA,58.5169,-117.136,8.71,92,90,3.44,light snow
174,Aklavik,CA,68.2191,-135.0107,21.2,79,90,9.22,light snow
175,Tarija,BO,-21.5355,-64.7296,71.51,68,75,6.91,broken clouds
176,Laiwu,CN,36.1928,117.6569,42.03,73,100,1.99,overcast clouds
177,Ous,RU,60.9058,61.5186,2.66,94,100,4.74,overcast clouds
178,Oksfjord,NO,70.2396,22.3479,24.98,87,18,13.31,few clouds
179,Dong Xoai,VN,11.5333,106.9167,72.97,76,99,7.0,overcast clouds
180,Chokurdakh,RU,70.6333,147.9167,-45.98,100,100,3.6,overcast clouds
181,Juneau,US,58.3019,-134.4197,35.6,95,90,5.01,light rain and snow
182,Khatanga,RU,71.9667,102.5,1.74,92,100,11.32,overcast clouds
183,Riyadh,SA,24.6877,46.7219,69.94,28,51,7.47,broken clouds
184,Constitucion,CL,-35.3333,-72.4167,67.6,63,5,11.07,clear sky
185,Clyde River,CA,70.4692,-68.5914,7.03,78,100,8.05,light snow
186,Port Blair,IN,11.6667,92.75,80.29,73,60,14.5,broken clouds
187,Nabire,ID,-3.3667,135.4833,78.3,84,100,3.53,moderate rain
188,Castro,BR,-24.7911,-50.0119,71.92,48,45,6.02,scattered clouds
189,Pochutla,MX,15.7432,-96.4661,86.83,45,64,4.0,broken clouds
190,Moranbah,AU,-22.0016,148.0466,76.01,71,76,5.35,broken clouds
191,Upernavik,GL,72.7868,-56.1549,4.35,90,28,7.18,scattered clouds
192,Bengkulu,ID,-3.8004,102.2655,76.77,89,37,4.0,scattered clouds
193,Mbekenyera,TZ,-10.0,38.9833,77.81,70,13,7.47,few clouds
194,Pritzwalk,DE,53.1494,12.1741,34.72,92,100,12.37,overcast clouds
195,Cidreira,BR,-30.1811,-50.2056,72.09,58,30,11.92,scattered clouds
196,Tiarei,PF,-17.5333,-149.3333,77.02,76,93,15.99,overcast clouds
197,Victor Harbor,AU,-35.5667,138.6167,57.99,61,89,4.0,overcast clouds
198,Tomatlan,MX,19.9333,-105.25,81.05,32,38,2.64,scattered clouds
199,Sarangani,PH,5.4033,125.4636,83.07,72,99,3.24,overcast clouds
200,Stupava,SK,48.2747,17.0317,39.06,83,20,13.8,few clouds
201,Cayenne,GF,4.9333,-52.3333,78.84,89,75,1.99,broken clouds
202,Camacha,PT,33.0833,-16.3333,65.53,63,40,17.27,scattered clouds
203,Takoradi,GH,4.8845,-1.7554,83.77,68,4,10.0,clear sky
204,San Luis,AR,-33.295,-66.3356,70.48,60,91,4.41,overcast clouds
205,Griffith,US,41.5284,-87.4237,31.08,75,40,5.99,scattered clouds
206,Sao Filipe,CV,14.8961,-24.4956,78.17,60,100,10.89,overcast clouds
207,Namatanai,PG,-3.6667,152.4333,79.92,81,100,5.91,overcast clouds
208,Svetlyy,RU,54.675,20.1347,14.05,70,28,14.7,scattered clouds
209,Chase,CA,50.8165,-119.6857,34.68,91,100,7.67,light snow
210,Sept-Iles,CA,50.2001,-66.3821,3.06,68,75,1.01,broken clouds
211,Awjilah,LY,29.1081,21.2869,61.45,50,0,7.18,clear sky
212,Pisco,PE,-13.7,-76.2167,71.65,68,0,10.36,clear sky
213,Kazerun,IR,29.6195,51.6541,60.93,31,100,1.34,overcast clouds
214,Roura,GF,4.7263,-52.3274,78.71,94,75,8.05,broken clouds
215,Marzuq,YE,14.4,46.4667,63.9,11,0,3.83,clear sky
216,Launceston,AU,-41.45,147.1667,50.61,80,70,1.99,broken clouds
217,Pionerskiy,RU,54.9508,20.2275,13.84,73,18,20.15,few clouds
218,Hasaki,JP,35.7333,140.8333,46.8,85,100,33.06,moderate rain
219,Ewa Beach,US,21.3156,-158.0072,76.95,89,90,4.61,overcast clouds
220,Vilyuysk,RU,63.7553,121.6247,-30.39,99,97,0.58,overcast clouds
221,Port Lincoln,AU,-34.7333,135.8667,54.81,64,5,14.25,clear sky
222,Muroto,JP,33.2833,134.15,52.56,62,0,12.77,clear sky
223,Lorengau,PG,-2.0226,147.2712,79.29,91,100,20.89,moderate rain
224,Paraiso,CR,9.8383,-83.8656,72.95,76,61,5.91,broken clouds
225,Starachowice,PL,51.0374,21.0713,28.65,91,58,9.13,broken clouds
226,Kashi,CN,39.4547,75.9797,39.22,47,40,2.24,scattered clouds
227,Necochea,AR,-38.5473,-58.7368,86.04,35,100,4.94,overcast clouds
228,Te Anau,NZ,-45.4167,167.7167,51.51,90,97,2.3,overcast clouds
229,Wattegama,LK,6.7989,81.4808,77.92,93,95,3.29,overcast clouds
230,Narsaq,GL,60.9167,-46.05,30.42,87,98,10.58,overcast clouds
231,Tiksi,RU,71.6872,128.8694,-20.51,95,100,7.94,overcast clouds
232,Beneditinos,BR,-5.45,-42.3667,85.33,32,86,1.81,overcast clouds
233,Palmer,US,42.1584,-72.3287,35.67,60,90,3.0,overcast clouds
234,San Carlos Del Zulia,VE,9.0,-71.9135,86.95,57,78,5.17,broken clouds
235,Iquique,CL,-20.2208,-70.1431,68.04,65,100,9.06,overcast clouds
236,Barreirinhas,BR,-2.7469,-42.8264,90.68,52,38,14.5,scattered clouds
237,Plettenberg Bay,ZA,-34.0527,23.3716,65.19,87,51,12.12,broken clouds
238,Sinnamary,GF,5.3833,-52.95,81.27,80,80,3.22,broken clouds
239,Richards Bay,ZA,-28.783,32.0377,76.05,78,79,9.66,broken clouds
240,Zhirnovsk,RU,50.9845,44.7735,36.1,86,100,18.14,overcast clouds
241,Gat,IL,31.61,34.7642,61.79,46,60,27.85,broken clouds
242,Akhmim,EG,26.5622,31.745,64.6,34,0,9.55,clear sky
243,Doha,QA,25.2867,51.5333,73.71,76,0,5.75,clear sky
244,Morant Bay,JM,17.8815,-76.4093,85.62,68,52,8.61,broken clouds
245,Kudahuvadhoo,MV,2.6708,72.8944,82.02,76,100,9.33,overcast clouds
246,Shintomi,JP,32.0785,131.4723,46.69,74,4,6.02,clear sky
247,Severo-Kurilsk,RU,50.6789,156.125,31.21,60,93,28.83,overcast clouds
248,Cocobeach,GA,1.0002,9.5823,81.88,80,28,8.03,light rain
249,Saint-Denis,FR,48.9167,2.3333,45.37,78,75,4.0,broken clouds
250,Port Moresby,PG,-9.4431,147.1797,78.22,89,75,6.91,broken clouds
251,Kodiak,US,57.79,-152.4072,35.11,64,75,8.05,broken clouds
252,Kuryk,KZ,43.2,51.65,50.67,41,66,33.64,broken clouds
253,Sydney,AU,-33.8679,151.2073,62.06,94,75,1.01,moderate rain
254,Broome,US,42.2506,-75.833,33.53,73,90,3.0,overcast clouds
255,Batemans Bay,AU,-35.7167,150.1833,62.2,92,100,2.53,moderate rain
256,Grand Gaube,MU,-20.0064,57.6608,81.0,71,12,4.0,few clouds
257,Hvide Sande,DK,56.0045,8.1294,37.69,93,90,16.11,overcast clouds
258,San Juan,AR,-31.5375,-68.5364,74.91,47,83,18.1,broken clouds
259,Torres,BR,-29.3353,-49.7269,71.08,60,62,7.4,broken clouds
260,Camana,PE,-16.6228,-72.7111,72.27,75,100,12.21,overcast clouds
261,Nanortalik,GL,60.1432,-45.2371,28.99,90,100,22.88,light snow
262,Xai-Xai,MZ,-25.0519,33.6442,75.94,89,100,7.07,overcast clouds
263,Tanout,NE,14.9709,8.8879,75.94,7,49,12.3,scattered clouds
264,Yatou,CN,37.15,122.3833,44.71,68,100,4.5,overcast clouds
265,Ilulissat,GL,69.2167,-51.1,32.02,43,75,20.71,broken clouds
266,Las Palmas,ES,28.4204,-14.0131,65.19,68,40,17.27,scattered clouds
267,Cedarburg,US,43.2967,-87.9876,27.14,84,1,1.99,clear sky
268,Abha,SA,18.2164,42.5053,62.42,77,0,11.5,clear sky
269,Concepcion,CL,-36.827,-73.0498,67.8,60,0,13.8,clear sky
270,Teguldet,RU,57.3064,88.1667,1.2,94,100,7.49,light snow
271,Quepos,CR,9.4236,-84.1652,87.58,59,35,4.14,scattered clouds
272,Port Victoria,KE,0.0939,33.9756,74.41,68,88,6.6,light rain
273,Houma,US,29.5958,-90.7195,60.01,98,99,6.82,light rain
274,Staryy Nadym,RU,65.6118,72.6842,14.09,85,100,24.56,overcast clouds
275,Vardo,NO,70.3705,31.1107,10.38,67,0,11.5,clear sky
276,Aitape,PG,-3.1374,142.3475,78.21,88,100,5.61,light rain
277,Saldanha,ZA,-33.0117,17.9442,82.45,76,57,16.13,broken clouds
278,Mercedes,AR,-34.6515,-59.4307,84.18,23,6,8.57,clear sky
279,Jardim,BR,-21.4803,-56.1381,92.35,28,0,5.82,clear sky
280,Saskylakh,RU,71.9167,114.0833,-6.23,96,100,7.76,overcast clouds
281,Muyinga,BI,-2.8333,30.3333,62.67,86,100,2.01,light rain
282,Xichang,CN,27.8964,102.2634,52.61,84,70,2.44,broken clouds
283,Russell,US,32.3502,-85.1999,56.48,96,90,3.44,overcast clouds
284,Kiruna,SE,67.8557,20.2251,-1.28,85,90,4.61,light snow
285,Ugoofaaru,MV,5.6667,73.0,81.63,76,19,8.46,few clouds
286,Hetauda,NP,27.4284,85.0322,63.75,62,0,4.76,clear sky
287,Simiti,CO,7.9579,-73.9436,89.85,54,27,2.98,scattered clouds
288,Barsovo,RU,61.1667,73.1667,3.33,95,86,9.93,overcast clouds
289,Yago,MX,21.8333,-105.0667,79.54,32,17,3.94,few clouds
290,Codrington,AU,-38.2667,141.9667,51.39,70,10,15.12,clear sky
291,Ostersund,SE,63.1792,14.6357,18.61,86,75,11.5,light snow
292,Barguzin,RU,53.6167,109.6167,20.68,90,72,6.24,broken clouds
293,Cervo,ES,43.6702,-7.4101,50.97,71,100,25.77,overcast clouds
294,Batticaloa,LK,7.7102,81.6924,79.3,83,89,8.21,light rain
295,Pueblo Bello,CO,8.2041,-76.526,84.7,71,70,2.51,broken clouds
296,Santa Cruz Cabralia,BR,-16.2781,-39.0247,75.43,94,75,13.8,moderate rain
297,Pandan,PH,14.0453,124.1694,77.31,84,100,21.09,overcast clouds
298,Isangel,VU,-19.55,169.2667,77.11,83,3,5.75,clear sky
299,Sitka,US,57.0531,-135.33,37.29,81,90,12.66,light snow
300,Mount Isa,AU,-20.7333,139.5,82.17,21,51,11.5,light rain
301,Casino,AU,-28.8667,153.05,67.95,88,77,5.75,broken clouds
302,Poum,NC,-20.2333,164.0167,81.39,75,21,9.31,few clouds
303,Tecoanapa,MX,16.5167,-98.75,82.56,67,6,2.33,clear sky
304,Moche,PE,-8.1711,-79.0092,62.78,100,90,14.97,mist
305,East Lansing,US,42.737,-84.4839,26.73,73,90,1.01,overcast clouds
306,Ixtapa,MX,20.7,-105.2,82.13,27,17,3.0,few clouds
307,Flinders,AU,-34.5833,150.8552,62.2,92,100,5.99,moderate rain
308,Centralia,US,46.7162,-122.9543,44.91,83,75,5.75,broken clouds
309,Smoljan,ME,43.0924,19.2286,20.7,94,46,5.53,scattered clouds
310,Faanui,PF,-16.4833,-151.75,80.62,76,99,15.41,overcast clouds
311,Denpasar,ID,-8.65,115.2167,82.06,83,20,1.14,few clouds
312,Yumen,CN,40.2833,97.2,30.04,46,13,11.12,few clouds
313,Trinidad,BO,-14.8333,-64.9,84.18,84,75,0.0,broken clouds
314,Paragominas,BR,-2.9667,-47.4833,89.04,53,91,4.25,overcast clouds
315,Okato,NZ,-39.2,173.8833,63.43,96,57,3.71,broken clouds
316,Mgachi,RU,51.05,142.2667,27.23,79,4,13.82,clear sky
317,Darnah,LY,32.767,22.6367,62.44,66,2,18.25,clear sky
318,Senador Jose Porfirio,BR,-2.5908,-51.9542,78.4,83,95,2.57,overcast clouds
319,Isoka,ZM,-10.1606,32.6335,79.02,37,64,10.38,broken clouds
320,Havre-Saint-Pierre,CA,50.2334,-63.5986,10.99,66,1,14.97,clear sky
321,Outjo,NA,-20.1167,16.15,93.81,15,88,3.09,overcast clouds
322,Mporokoso,ZM,-9.3727,30.125,65.93,85,75,5.01,light rain
323,Axim,GH,4.8699,-2.2405,83.7,69,22,11.12,few clouds
324,Omboue,GA,-1.5746,9.2618,82.15,76,100,3.65,overcast clouds
325,Shimanovsk,RU,52.0,127.7,14.14,91,9,8.55,clear sky
326,Pontal Do Parana,BR,-25.6533,-48.5128,79.74,52,75,6.91,broken clouds
327,Acarau,BR,-2.8856,-40.12,89.74,54,12,19.04,few clouds
328,Ponta Do Sol,PT,32.6667,-17.1,69.01,69,79,5.61,broken clouds
329,Yar-Sale,RU,66.8333,70.8333,17.74,79,100,26.19,overcast clouds
330,Agadez,NE,19.75,10.25,63.28,12,1,5.75,clear sky
331,Yeppoon,AU,-23.1333,150.7333,76.78,85,89,3.67,overcast clouds
332,Rapid Valley,US,44.0625,-103.1463,46.15,62,1,1.99,clear sky
333,Mariental,NA,-24.6333,17.9667,98.62,6,1,13.76,clear sky
334,Syracuse,IT,37.0881,15.2792,63.99,72,71,13.27,broken clouds
335,Manokwari,ID,-0.8667,134.0833,79.34,80,100,3.15,overcast clouds
336,Odienne,CI,9.51,-7.5692,95.56,13,16,5.17,few clouds
337,Harper,LR,4.375,-7.7169,84.49,68,74,10.85,broken clouds
338,Valleyview,CA,55.0667,-117.2859,32.04,86,100,13.8,overcast clouds
339,Adrar,MR,20.5022,-10.0711,77.56,8,58,15.01,broken clouds
340,Caravelas,BR,-17.7125,-39.2481,80.76,77,93,1.12,light rain
341,Pinerovka,RU,51.562,43.0689,37.42,85,100,14.05,overcast clouds
342,Haines Junction,CA,60.7522,-137.5108,10.35,72,100,2.3,overcast clouds
343,Bafoulabe,ML,13.8065,-10.8321,99.27,8,21,6.31,few clouds
344,Mabamba,TZ,-3.5983,30.5019,66.33,93,100,3.29,moderate rain
345,Havoysund,NO,70.9963,24.6622,20.28,80,21,19.3,few clouds
346,Port Hardy,CA,50.6996,-127.4199,41.0,87,75,9.22,light rain
347,Lavrentiya,RU,65.5833,-171.0,-4.25,87,52,7.92,broken clouds
348,Sokoni,TZ,-6.4333,39.55,82.26,77,86,11.83,overcast clouds
349,Khani,GE,41.9563,42.9566,54.97,47,95,8.16,overcast clouds
350,Rio Gallegos,AR,-51.6226,-69.2181,60.85,27,0,19.57,clear sky
351,Taltal,CL,-25.4,-70.4833,66.15,71,17,6.91,few clouds
352,Vostok,RU,46.4856,135.8833,10.17,91,11,4.7,few clouds
353,Mengcheng,CN,33.2579,116.5655,48.45,72,100,6.17,overcast clouds
354,Aguie,NE,13.506,7.7786,83.08,9,10,9.53,clear sky
355,Norman,US,35.2226,-97.4395,47.97,76,27,5.01,scattered clouds
356,Targusor,RO,44.45,28.4167,31.5,93,75,11.5,light snow
357,Puerto Leguizamo,CO,-0.1934,-74.7819,86.86,59,99,4.12,moderate rain
358,San Blas,MX,21.5167,-105.2667,78.84,37,8,1.01,clear sky
359,Monrovia,LR,6.3005,-10.7969,91.17,70,49,12.64,scattered clouds
360,Luderitz,NA,-26.6481,15.1594,69.49,69,0,17.58,clear sky
361,Peniche,PT,39.3558,-9.3811,59.61,71,81,25.1,broken clouds
362,La Ronge,CA,55.1001,-105.2842,-0.15,85,90,11.5,light snow
363,Tezu,IN,27.9167,96.1667,65.07,56,10,4.16,clear sky
364,Balaipungut,ID,1.05,101.2833,79.21,97,71,1.23,broken clouds
365,Fairbanks,US,64.8378,-147.7164,15.76,86,90,0.0,mist
366,Tagusao,PH,9.1924,117.8141,78.15,84,76,4.32,broken clouds
367,Muros,ES,42.7762,-9.0603,54.23,80,99,21.56,overcast clouds
368,Kaitangata,NZ,-46.2817,169.8464,53.22,87,100,2.37,overcast clouds
369,Kopayhorod,UA,48.8592,27.7969,31.39,92,100,10.04,overcast clouds
370,Bom Jesus,BR,-9.0744,-44.3586,84.85,69,56,5.77,broken clouds
371,Nyurba,RU,63.2842,118.3319,-27.06,98,99,1.25,overcast clouds
372,Dehui,CN,44.5333,125.7,35.91,71,81,9.78,broken clouds
373,Bilma,NE,18.6853,12.9164,73.24,11,0,6.67,clear sky
374,Jalu,LY,29.0331,21.5482,61.74,50,0,7.72,clear sky
375,Novyy Urgal,RU,51.0736,132.5642,-5.73,100,92,2.51,overcast clouds
376,Mount Pleasant,US,32.7941,-79.8626,66.2,94,90,8.99,overcast clouds
377,Shakawe,BW,-18.3667,21.85,81.23,48,87,1.1,overcast clouds
378,San Andres,CO,12.5847,-81.7006,86.02,66,40,13.8,scattered clouds
379,Khutar,IN,28.2,80.2833,63.82,48,0,2.21,clear sky
380,Losevo,RU,50.6767,40.045,40.35,88,100,9.82,overcast clouds
381,Kendari,ID,-3.945,122.4989,76.71,87,100,4.03,overcast clouds
382,Bairiki,KI,1.3292,172.9752,82.4,83,40,12.66,light rain
383,Taiyuan,CN,37.8694,112.5603,31.86,93,40,2.24,mist
384,Brae,GB,60.3964,-1.353,40.91,95,100,35.46,overcast clouds
385,Snyder,US,32.7179,-100.9176,52.36,39,1,5.75,clear sky
386,Lingao,CN,19.9103,109.6859,69.57,85,34,13.78,scattered clouds
387,Mancora,PE,-4.1078,-81.0475,79.38,63,21,8.5,few clouds
388,Puerto Del Rosario,ES,28.5004,-13.8627,69.48,68,40,17.27,scattered clouds
389,Camargo,MX,27.6667,-105.1667,62.91,25,80,3.91,broken clouds
390,Labuhan,ID,-6.8844,112.2051,80.17,83,100,5.88,moderate rain
391,Omsukchan,RU,62.5333,155.8,-29.85,95,100,5.17,overcast clouds
392,Kjollefjord,NO,70.9457,27.3465,15.58,79,2,14.99,clear sky
393,Antalaha,MG,-14.9003,50.2788,75.9,78,30,6.53,scattered clouds
394,Poltsamaa,EE,58.6525,25.9706,8.06,99,100,1.99,overcast clouds
395,Hualmay,PE,-11.0964,-77.6139,70.52,79,98,8.48,overcast clouds
396,Jasper,US,37.2001,-94.3502,44.35,58,20,3.0,few clouds
397,Geraldton,AU,-28.7667,114.6,72.01,83,90,9.22,overcast clouds
398,Emet,TR,39.343,29.2585,41.63,85,80,4.34,broken clouds
399,Boende,CD,-0.2167,20.8667,80.22,72,77,4.61,broken clouds
400,Siukh,RU,42.5999,46.5446,39.79,51,0,7.0,clear sky
401,Ahipara,NZ,-35.1667,173.1667,60.93,93,37,3.62,scattered clouds
402,Carutapera,BR,-1.195,-46.02,87.67,62,87,8.93,overcast clouds
403,Maraa,BR,-1.8333,-65.3667,85.42,64,97,2.42,overcast clouds
404,Uzhur,RU,55.3036,89.8339,1.76,97,81,1.86,broken clouds
405,Bachaquero,VE,9.9694,-71.1494,85.98,59,25,6.11,scattered clouds
406,Chegem,RU,43.2833,43.1333,15.93,71,79,12.37,light snow
407,Walvis Bay,NA,-22.9575,14.5053,63.09,67,28,12.8,scattered clouds
408,Dongsheng,CN,39.8161,109.9776,27.73,50,87,14.45,overcast clouds
409,Tarko-Sale,RU,64.9225,77.785,8.22,89,100,24.29,overcast clouds
410,Oranjemund,NA,-28.55,16.4333,65.79,80,7,10.38,clear sky
411,Ketchikan,US,55.3422,-131.6461,32.47,86,90,3.44,light snow
412,Tual,ID,-5.6667,132.75,81.99,81,99,15.88,light rain
413,Raga,SS,8.4596,25.678,86.7,17,73,3.96,broken clouds
414,Victoria,HK,22.2855,114.1577,69.24,78,18,5.99,few clouds
415,Derzhavinsk,KZ,51.1,66.3167,-4.79,87,33,3.98,scattered clouds
416,Waipawa,NZ,-41.4122,175.5153,61.45,80,90,9.66,heavy intensity rain
417,Coruripe,BR,-10.1256,-36.1756,85.93,58,53,15.12,broken clouds
418,Hanzhong,CN,33.0728,107.0303,42.96,70,3,0.4,clear sky
419,Ambon,ID,-3.6954,128.1814,79.07,88,99,11.25,overcast clouds
420,Sinjar,IQ,36.3209,41.8754,57.51,50,10,15.32,clear sky
421,Mandi,IN,31.7167,76.9167,49.39,48,3,5.21,clear sky
422,Carberry,CA,49.8689,-99.3602,-1.35,89,100,8.81,overcast clouds
423,Buala,SB,-8.145,159.5921,80.4,84,100,8.99,overcast clouds
424,Pasni,PK,25.2631,63.471,73.87,51,0,4.14,clear sky
425,Lata,PT,40.1629,-8.3327,54.81,79,83,14.29,broken clouds
426,Korostyshiv,UA,50.3172,29.0563,26.29,96,100,10.4,light snow
427,Zhigansk,RU,66.7697,123.3711,-19.01,96,100,13.06,overcast clouds
428,Tahe,CN,52.3333,124.7333,4.82,98,82,3.11,broken clouds
429,Los Llanos De Aridane,ES,28.6585,-17.9182,65.12,77,75,13.0,broken clouds
430,Ornskoldsvik,SE,63.2909,18.7153,16.75,92,90,3.44,overcast clouds
431,Okhotsk,RU,59.3833,143.3,-22.45,79,1,16.42,clear sky
432,Stykkisholmur,IS,65.0757,-22.7297,28.83,77,12,11.77,few clouds
433,Bolu,TR,40.6667,31.5833,43.52,90,100,2.3,overcast clouds
434,Godfrey,US,38.9556,-90.1868,40.86,69,11,1.01,few clouds
435,Vallenar,CL,-28.5708,-70.7581,81.72,32,14,7.63,few clouds
436,Juegang,CN,32.3174,121.1855,51.91,80,25,5.91,scattered clouds
437,Ust-Nera,RU,64.5667,143.2,-50.31,98,72,4.74,broken clouds
438,Pedernales,DO,18.0384,-71.744,83.25,55,0,7.38,clear sky
439,Abu Samrah,SY,35.3029,37.1841,55.17,56,98,14.85,overcast clouds
440,Beidao,CN,34.5686,105.8933,38.64,78,0,4.38,clear sky
441,Praia Da Vitoria,PT,38.7333,-27.0667,61.05,82,75,2.84,broken clouds
442,Jieshi,CN,22.8134,115.8257,63.54,78,1,18.28,clear sky
443,Khorixas,NA,-20.3667,14.9667,90.45,13,26,25.99,scattered clouds
444,Vila Velha,BR,-20.3297,-40.2925,76.95,84,75,13.0,broken clouds
445,Umm Kaddadah,SD,13.6017,26.6876,77.25,12,0,15.57,clear sky
446,Champerico,GT,14.3,-91.9167,90.77,65,100,1.32,overcast clouds
447,Reconquista,AR,-29.15,-59.65,93.45,24,0,7.38,clear sky
448,Anloga,GH,5.7947,0.8973,89.82,69,14,13.35,few clouds
449,Matagami,CA,49.7502,-77.6328,1.51,78,90,5.75,light snow
450,Pierre,US,44.3683,-100.351,26.28,75,1,1.01,clear sky
451,Prince Rupert,CA,54.3161,-130.3201,37.09,91,90,0.0,light snow
452,Batagay,RU,67.6333,134.6333,-29.09,87,100,3.69,overcast clouds
453,Winnemucca,US,40.973,-117.7357,41.11,86,1,10.36,clear sky
454,Cody,US,44.5263,-109.0565,43.02,36,1,23.02,clear sky
455,Sananduva,BR,-27.9497,-51.8067,76.71,32,0,4.74,clear sky
456,La Baule-Escoublac,FR,47.2922,-2.364,46.06,80,75,12.66,broken clouds
457,Luebo,CD,-5.35,21.4167,73.06,97,100,1.79,light rain
458,Narasannapeta,IN,18.4167,84.05,74.75,79,14,11.56,few clouds
459,Oussouye,SN,12.485,-16.5469,95.18,18,100,4.43,overcast clouds
460,Anito,PH,12.4497,125.2886,78.1,90,100,15.5,light rain
461,Zeya,RU,53.75,127.2667,9.86,95,84,4.5,broken clouds
462,Aksha,RU,50.2814,113.2867,19.0,68,100,3.42,overcast clouds
463,Oranjestad,AW,12.524,-70.027,85.95,66,40,20.71,scattered clouds
464,Louis Trichardt,ZA,-23.0439,29.9032,75.25,59,97,1.41,overcast clouds
465,Viedma,AR,-40.8135,-62.9967,59.79,87,100,23.24,overcast clouds
466,Sorong,ID,-0.8833,131.25,79.68,86,100,4.23,overcast clouds
467,Shepsi,RU,44.0361,39.1489,57.15,77,76,9.22,light rain
468,Mbandaka,CD,0.0487,18.2603,79.27,72,57,2.93,broken clouds
469,Takaungu,KE,-3.6837,39.8566,84.29,82,83,11.45,broken clouds
470,Shingu,JP,33.7333,135.9833,46.18,81,0,6.31,clear sky
471,Santa Cruz,BO,-17.8,-63.1667,91.45,43,40,11.5,scattered clouds
472,Saint George,US,37.1041,-113.5841,52.54,89,90,0.0,overcast clouds
473,Maralal,KE,1.0968,36.698,63.88,70,100,9.53,overcast clouds
474,Ulaangom,MN,49.9811,92.0667,7.14,83,83,5.64,broken clouds
475,Srednekolymsk,RU,67.45,153.6833,-23.53,98,100,4.0,overcast clouds
476,Lompoc,US,34.6391,-120.4579,60.13,91,90,0.0,fog
477,Rawson,AR,-43.3002,-65.1023,57.76,54,100,23.67,overcast clouds
478,Latur,IN,18.4,76.5833,73.09,50,63,6.62,broken clouds
479,Tashtyp,RU,52.7939,89.8983,3.13,97,95,4.43,overcast clouds
480,Muskegon,US,43.3,-86.1334,27.28,83,20,6.91,light snow
481,Ayr,GB,55.4627,-4.6339,45.1,87,75,5.75,broken clouds
482,Barmer,IN,25.75,71.3833,64.99,26,0,6.46,clear sky
483,Erzin,TR,36.9559,36.2,50.52,81,100,7.43,moderate rain
484,Emerald,AU,-23.5333,148.1667,71.74,94,29,0.0,scattered clouds
485,Barabai,ID,-2.5833,115.3833,73.81,95,99,1.95,overcast clouds
486,Korgen,NO,66.0771,13.8153,24.51,90,16,7.94,few clouds
487,Airai,TL,-8.9266,125.4092,61.09,94,99,0.63,overcast clouds
488,Cockburn Town,TC,21.4612,-71.1419,82.36,69,40,11.5,scattered clouds
489,Spring Valley,US,36.108,-115.245,53.78,70,75,0.0,broken clouds
490,Baherden,TM,38.4362,57.4316,53.44,50,100,12.93,overcast clouds
491,Dunedin,NZ,-45.8742,170.5036,54.61,89,98,3.31,overcast clouds
492,Mackay,AU,-21.15,149.2,78.78,83,40,5.75,scattered clouds
493,Portland,US,45.5234,-122.6762,48.18,93,75,11.99,broken clouds
494,Chadan,RU,51.2833,91.5833,11.5,97,100,1.21,light snow
495,Petropavl,KZ,54.8753,69.1628,-6.75,96,44,6.08,scattered clouds
496,Sungai Besar,MY,3.6746,100.9867,80.65,84,100,2.55,overcast clouds
497,Tandil,AR,-37.3217,-59.1332,87.31,36,99,3.0,overcast clouds
498,Guilin,CN,25.2819,110.2864,51.91,67,19,4.45,few clouds
499,Garden City,US,42.3256,-83.331,28.65,68,90,1.01,overcast clouds
500,Porto Belo,BR,-27.1578,-48.5531,77.68,53,33,12.19,scattered clouds
501,Santa Maria Do Suacui,BR,-18.1903,-42.4142,75.63,83,81,2.46,broken clouds
502,Kavaratti,IN,10.5669,72.642,80.69,73,5,7.96,clear sky
503,Pouembout,NC,-21.1333,164.9,77.7,86,1,3.91,clear sky
504,Fortuna,US,40.5982,-124.1573,51.42,76,90,4.0,overcast clouds
505,Bangui,CF,4.3612,18.555,87.85,42,100,1.39,overcast clouds
506,Talnakh,RU,69.4865,88.3972,1.2,99,100,16.8,snow
507,Esperance,AU,-33.8667,121.9,60.64,71,2,21.05,clear sky
508,Zemio,CF,5.0314,25.1361,80.65,44,100,1.97,overcast clouds
509,Souillac,MU,-20.5167,57.5167,80.98,69,40,6.91,scattered clouds
510,Meulaboh,ID,4.1363,96.1285,79.16,82,91,2.73,overcast clouds
511,Sao Joao Da Barra,BR,-21.6403,-41.0511,69.89,80,97,14.5,overcast clouds
512,Jacareacanga,BR,-6.2222,-57.7528,84.07,74,98,3.0,overcast clouds
513,Armacao De Pera,PT,37.1026,-8.357,62.51,59,54,19.19,broken clouds
514,Zhezkazgan,KZ,47.8043,67.7144,14.95,51,6,10.51,clear sky
515,Parainen,FI,60.3067,22.301,13.1,91,93,10.22,overcast clouds
516,Ponta Delgada,PT,37.7333,-25.6667,65.5,59,75,5.75,broken clouds
517,Sisimiut,GL,66.9395,-53.6735,15.62,59,100,6.38,overcast clouds
518,Taoudenni,ML,22.6783,-3.9836,75.0,10,84,12.37,broken clouds
519,Shaoyang,CN,27.2315,111.4525,51.35,59,86,1.74,overcast clouds
520,Umm Lajj,SA,25.0213,37.2685,73.54,54,31,17.11,scattered clouds
521,Abrau-Dyurso,RU,44.69,37.59,53.06,84,78,6.08,broken clouds
522,Hot Springs,US,34.5037,-93.0552,48.67,52,1,1.01,clear sky
523,Hadsund,DK,56.7148,10.1168,36.1,97,100,19.91,overcast clouds
524,Uusikaupunki,FI,60.8004,21.4084,5.52,88,87,9.13,overcast clouds
525,Magadan,RU,59.5667,150.8,-19.52,81,0,7.23,clear sky
526,Mastic Beach,US,40.7668,-72.8521,41.99,83,90,0.0,moderate rain
527,Mehamn,NO,71.0357,27.8492,15.71,82,1,12.53,clear sky
528,Lerwick,GB,60.1545,-1.1494,41.0,96,100,38.92,overcast clouds
529,Kupang,ID,-10.1667,123.5833,78.19,86,100,7.36,overcast clouds
530,Sola,VU,-13.8833,167.55,75.87,100,20,0.0,few clouds
531,Zhangye,CN,38.9342,100.4517,33.1,31,0,4.47,clear sky
532,Semey,KZ,50.4111,80.2275,3.47,96,95,7.2,overcast clouds
533,Borovoy,RU,55.4333,86.0833,-2.92,84,40,2.24,scattered clouds
534,Ignacio Zaragoza,MX,28.3833,-107.2167,51.73,23,91,3.49,overcast clouds
535,Lazo,RU,43.3817,133.9014,21.34,83,2,2.57,clear sky
536,Okitipupa,NG,6.5047,4.7839,87.8,54,70,6.87,broken clouds
537,Huarmey,PE,-10.0681,-78.1522,70.93,80,93,8.3,overcast clouds
538,Jaen,ES,38.0,-3.5,52.29,60,100,19.75,overcast clouds
539,Poplar Bluff,US,36.757,-90.3929,42.39,79,1,0.0,clear sky
540,Iralaya,HN,15.0,-83.2333,82.49,82,99,10.16,overcast clouds
541,Alakurtti,RU,66.9672,30.3491,-0.36,95,80,3.76,broken clouds
542,Nioro,GM,13.35,-15.75,99.36,10,83,5.79,broken clouds
543,San Martin Jilotepeque,GT,14.7878,-90.7925,68.7,65,98,3.78,overcast clouds
544,Salalah,OM,17.0151,54.0924,74.23,55,0,4.05,clear sky
545,Ochakiv,UA,46.6128,31.5498,44.78,88,100,9.84,overcast clouds
546,Kuruman,ZA,-27.4524,23.4325,88.0,21,58,9.35,broken clouds
547,Whitehorse,CA,60.7161,-135.0538,14.77,79,90,9.22,light snow
548,Ashibetsu,JP,43.5097,142.1856,24.84,94,69,2.68,broken clouds
549,Gorontalo,ID,0.5412,123.0595,76.69,96,100,4.0,overcast clouds
550,Salsk,RU,46.4725,41.5428,45.37,90,62,7.52,broken clouds
551,Erenhot,CN,43.6475,111.9767,28.8,93,97,10.69,overcast clouds
552,Sikonge,TZ,-5.6333,32.7667,72.41,65,83,0.4,broken clouds
553,Killybegs,IE,54.6333,-8.45,46.11,81,100,39.5,overcast clouds
554,Matara,LK,5.9485,80.5353,77.74,86,88,2.35,overcast clouds
555,Ponta Pora,BR,-22.5361,-55.7256,76.91,57,0,13.8,clear sky
556,Los Altos,US,37.3852,-122.1141,53.98,94,75,1.01,mist
557,Sangmelima,CM,2.9333,11.9833,78.73,63,91,0.83,overcast clouds
558,Chaykovskaya,RU,58.1279,55.5378,19.29,95,100,9.19,snow
559,Jennings,US,38.7192,-90.2604,41.72,63,40,1.99,scattered clouds
560,Husum,DE,54.4858,9.0524,37.98,95,100,11.03,overcast clouds
561,Eureka,US,40.8021,-124.1637,51.67,96,100,5.99,overcast clouds
562,Westport,US,41.1415,-73.3579,41.09,67,90,1.01,overcast clouds
563,North Bend,US,43.4065,-124.2243,49.87,97,90,5.75,mist
564,Lasem,ID,-6.6922,111.4527,79.25,87,97,4.36,overcast clouds
565,Loubomo,CG,-4.1997,12.6739,80.82,82,83,1.7,light rain
566,Baruun-Urt,MN,46.6806,113.2792,25.05,84,88,13.38,overcast clouds
567,Darhan,MN,49.4867,105.9228,10.58,89,36,1.1,scattered clouds
568,Kenai,US,60.5544,-151.2583,8.69,86,90,0.0,overcast clouds
569,Aswan,EG,24.0934,32.907,67.3,16,14,17.27,few clouds
570,Flin Flon,CA,54.7682,-101.865,-11.36,77,75,6.91,broken clouds
571,Tucuman,AR,-26.8241,-65.2226,82.4,61,75,5.75,broken clouds
572,Rocha,UY,-34.4833,-54.3333,81.28,39,0,11.79,clear sky
573,Homer,US,59.6425,-151.5483,24.69,74,90,5.75,light snow
574,Victoria Point,AU,-27.5833,153.3,69.91,97,100,3.06,overcast clouds
575,Sar-E Pul,AF,35.8333,66.1667,40.84,41,0,5.06,clear sky
576,Beckley,US,37.7782,-81.1882,35.71,87,90,4.0,overcast clouds
577,Hope,US,33.6671,-93.5916,46.98,46,33,4.14,scattered clouds
578,Raton,US,36.9034,-104.4391,45.59,58,1,8.05,clear sky
579,Kholm,RU,59.2667,32.85,7.11,98,100,3.71,overcast clouds
580,Sobolevo,RU,54.4299,31.8996,11.61,87,96,12.17,overcast clouds
581,Chuguyevka,RU,44.1653,133.8633,19.31,88,9,3.78,clear sky
582,Namibe,AO,-15.1961,12.1522,75.83,69,20,13.8,few clouds
583,Biltine,TD,14.5333,20.9167,84.65,13,3,11.41,clear sky
584,Dandong,CN,40.1292,124.3947,35.35,57,100,2.01,overcast clouds
585,Kyrksaeterora,NO,63.2906,9.0891,34.45,84,99,7.49,overcast clouds
586,Bandar-E Lengeh,IR,26.5579,54.8807,73.51,46,65,6.91,broken clouds
587,Ziro,IN,27.6333,93.8333,42.31,91,22,1.97,few clouds
588,Rabo De Peixe,PT,37.8,-25.5833,64.27,96,75,5.75,broken clouds
589,Ahuimanu,US,21.4447,-157.8378,76.71,94,90,9.22,overcast clouds
590,Poltavka,RU,54.3663,71.7632,-5.46,93,5,5.84,clear sky
591,College,US,64.8569,-147.8028,15.75,85,90,0.0,light snow
592,Sandwick,GB,60.0,-1.25,40.82,93,90,37.98,overcast clouds
593,Sur,OM,22.5667,59.5289,74.28,58,0,12.15,clear sky
594,Korb,DE,48.843,9.3626,40.24,93,75,1.14,light rain
595,Roald,NO,62.5833,6.1333,38.32,51,0,14.97,clear sky
596,Pasighat,IN,28.0667,95.3333,64.15,72,0,3.6,clear sky
597,Pafos,CY,34.7667,32.4167,58.91,82,75,14.97,broken clouds
598,Tambo,PE,-14.8,-73.9167,48.69,51,87,4.27,overcast clouds
599,Mecca,SA,21.4267,39.8261,80.58,59,95,12.3,overcast clouds
600,Hambantota,LK,6.1241,81.1185,79.14,100,40,4.61,scattered clouds
601,Berbera,SO,10.4396,45.0143,77.45,65,0,8.12,clear sky
602,Laela,TZ,-8.5667,32.05,67.12,71,97,2.89,light rain
603,Samarai,PG,-10.6167,150.6667,81.25,83,95,7.58,overcast clouds
604,Powell,US,40.1578,-83.0752,29.77,86,90,3.0,overcast clouds
605,Antofagasta,CL,-23.65,-70.4,65.48,67,45,10.36,scattered clouds
606,Borogontsy,RU,62.6683,131.1683,-23.08,96,98,6.42,overcast clouds
607,Pangoa,PE,-12.1167,-73.0,71.82,95,100,0.85,overcast clouds
608,Edd,ER,13.9297,41.6925,83.64,58,0,15.39,clear sky
609,Morro Bay,US,35.3658,-120.8499,54.81,83,48,3.98,scattered clouds
610,Libertador General San Martin,AR,-23.8064,-64.7876,90.97,38,79,5.01,broken clouds
611,Caborca,MX,30.5838,-111.101,61.84,35,100,2.1,overcast clouds
612,Harindanga,IN,22.0383,88.3214,75.18,74,0,6.46,clear sky
613,Ouegoa,NC,-20.35,164.4333,79.57,82,3,7.56,clear sky
614,Hervey Bay,AU,-25.2986,152.8535,75.04,90,97,1.01,overcast clouds
615,Yakeshi,CN,49.2833,120.7333,10.65,85,49,4.36,scattered clouds
616,Mana,GF,5.6592,-53.7767,82.11,77,82,5.99,broken clouds
617,Aripuana,BR,-9.1667,-60.6333,82.15,86,100,3.51,light rain
618,Palau,PW,7.503,134.621,81.23,79,98,4.59,overcast clouds
619,Manakara,MG,-22.1333,48.0167,77.86,77,0,9.37,clear sky
620,Zhangjiakou,CN,40.81,114.8794,30.58,53,100,3.47,overcast clouds
621,Willmar,US,45.1219,-95.0433,7.68,85,40,0.0,scattered clouds
622,Batamshinskiy,KZ,50.5594,58.2747,8.58,83,100,10.33,overcast clouds
623,Oktyabrskiy,RU,54.4815,53.471,24.03,90,100,10.54,overcast clouds
624,Luocheng,CN,29.3848,104.0286,49.82,82,100,1.45,overcast clouds
625,Auki,SB,-8.7676,160.7034,77.9,90,98,6.46,overcast clouds
626,Zhuhai,CN,22.2769,113.5678,68.97,77,20,14.97,few clouds
627,Basoko,CD,1.2391,23.616,79.9,71,71,1.48,broken clouds
628,Palu,ID,-0.8917,119.8707,76.17,94,100,2.1,overcast clouds
629,Manavalakurichi,IN,8.1333,77.3,82.49,81,6,5.55,clear sky
630,Pangnirtung,CA,66.1451,-65.7125,5.0,72,90,9.22,overcast clouds
631,Bandarbeyla,SO,9.4942,50.8122,77.32,70,17,20.51,few clouds
632,Pareora,NZ,-44.4871,171.2132,57.18,82,8,12.41,clear sky
633,Shestakovo,RU,56.4915,103.96,9.12,87,100,9.71,overcast clouds
634,Vieques,PR,18.425,-65.8329,87.67,69,40,16.11,scattered clouds
635,Izumo,JP,35.3667,132.7667,53.55,78,13,7.36,few clouds
636,Yurimaguas,PE,-5.9,-76.0833,84.36,43,40,4.61,scattered clouds
637,Misratah,LY,32.3754,15.0925,65.35,29,51,13.76,broken clouds
638,Yarmolyntsi,UA,49.1924,26.8373,25.65,94,100,8.93,overcast clouds
639,Fort Nelson,CA,58.8053,-122.7002,4.59,85,40,6.91,scattered clouds
640,Charters Towers,AU,-20.1,146.2667,75.47,79,35,5.12,scattered clouds
641,Jijiga,ET,9.35,42.8,64.15,39,11,15.1,few clouds
642,Mattawa,US,46.7379,-119.9028,46.87,72,37,23.0,scattered clouds
643,Yaviza,PA,8.1537,-77.6931,85.44,72,89,1.72,overcast clouds
644,Bull Savanna,JM,17.8868,-77.5902,81.46,59,67,7.61,broken clouds
645,Methoni,GR,36.8197,21.7049,55.22,62,11,17.69,few clouds
646,Zhoucheng,CN,35.9122,116.3117,44.28,67,100,4.63,overcast clouds
647,Eydhafushi,MV,5.1033,73.0708,81.52,77,29,8.03,scattered clouds
648,Bac Lieu,VN,9.285,105.7244,76.48,79,99,3.44,overcast clouds
649,Maningrida,AU,-12.0667,134.2667,84.09,70,64,5.88,broken clouds
650,Mahajanga,MG,-15.7167,46.3167,87.82,55,40,10.36,scattered clouds
651,Qaqortoq,GL,60.7167,-46.0333,25.95,80,94,15.73,overcast clouds
652,Maumere,ID,-8.6199,122.2111,79.92,82,100,3.65,overcast clouds
653,Bykovo,RU,55.6361,38.0803,19.81,86,75,8.95,light snow
654,Kieta,PG,-6.2167,155.6333,78.75,91,100,6.8,overcast clouds
655,Tautira,PF,-17.7333,-149.15,77.02,75,96,15.75,overcast clouds
656,Kamaishi,JP,39.2667,141.8833,46.54,73,100,15.84,overcast clouds
657,Soe,ID,-9.8607,124.284,67.05,91,100,2.89,overcast clouds
658,Bemidji,US,47.4736,-94.8803,14.14,85,90,0.0,light snow
659,Clermont,FR,49.5,2.4167,44.31,81,100,7.2,overcast clouds
660,Kupino,RU,54.3663,77.2981,-6.39,93,8,6.93,clear sky
661,Scarborough,GB,54.2797,-0.4044,42.51,89,100,3.0,light rain
662,Alyangula,AU,-13.8483,136.4192,76.87,100,62,1.14,broken clouds
663,Itaueira,BR,-7.6033,-43.0256,90.1,45,78,4.23,moderate rain
664,Maceio,BR,-9.6658,-35.7353,92.64,49,40,16.11,scattered clouds
665,Starkville,US,33.4504,-88.8184,48.78,66,88,6.67,overcast clouds
666,Adelaide,AU,-34.9333,138.6,56.68,65,75,3.0,broken clouds
667,Ola,RU,59.5833,151.2833,-22.83,85,2,7.87,clear sky
668,San Pedro,PH,14.35,121.0167,78.03,75,75,2.3,broken clouds
669,Tyret Pervaya,RU,53.6703,102.3106,6.01,94,83,3.89,broken clouds
670,Romitan,UZ,39.9343,64.3814,37.35,87,0,6.91,clear sky
671,Nantucket,US,41.2835,-70.0995,43.97,64,100,8.72,overcast clouds
672,Merauke,ID,-8.4667,140.3333,80.4,80,76,4.85,broken clouds
673,Fairlie,GB,55.756,-4.8556,45.01,89,91,3.0,overcast clouds
674,Boa Vista,BR,2.8197,-60.6733,89.58,55,75,8.05,broken clouds
675,Morros,BR,-9.4467,-46.3003,82.72,68,73,6.22,broken clouds
676,Noshiro,JP,40.2039,140.0242,41.58,70,100,7.94,overcast clouds
677,Pavlodar,KZ,52.3,76.95,-6.0,84,10,4.47,mist
678,Verkhoyansk,RU,67.5447,133.385,-32.76,90,100,1.05,overcast clouds
679,Naze,JP,28.3667,129.4833,62.31,57,46,15.99,scattered clouds
680,Kirundo,BI,-2.5833,30.1667,74.17,87,100,1.12,moderate rain
681,Neiafu,TO,-18.65,-173.9833,72.28,100,90,0.0,heavy intensity rain
682,Ushtobe,KZ,45.2514,77.9838,31.64,82,92,6.98,overcast clouds
683,San Rafael,AR,-34.6177,-68.3301,75.87,42,41,11.92,scattered clouds
684,Prainha,BR,-1.8,-53.48,87.46,62,99,1.52,overcast clouds
685,Mancio Lima,BR,-7.6142,-72.8958,78.87,94,90,3.44,overcast clouds
686,Guaratinga,BR,-16.5667,-39.5667,74.07,92,98,1.57,moderate rain
687,Saint Anthony,US,45.0205,-93.218,13.93,86,1,0.0,haze
688,Pimentel,PE,-6.8367,-79.9342,70.09,73,90,8.05,overcast clouds
689,Tura,IN,25.5198,90.2201,63.25,81,1,3.96,clear sky
690,Morondava,MG,-20.2833,44.2833,82.02,80,0,15.59,clear sky
691,Vilhena,BR,-12.7406,-60.1458,80.82,83,75,9.22,broken clouds
692,Jibuti,DJ,11.5,42.5,76.42,57,0,10.33,clear sky
693,Kaliua,TZ,-5.0606,31.7936,68.54,84,73,9.53,light rain
694,Mago,RU,53.2514,140.1822,2.03,96,58,1.19,broken clouds
695,Hay River,CA,60.8156,-115.7999,10.38,85,75,2.3,broken clouds
696,Akyab,MM,20.15,92.9,78.4,71,6,7.58,clear sky
697,Am Timan,TD,11.0297,20.2827,90.21,16,15,5.32,few clouds
698,Kapuskasing,CA,49.4169,-82.4331,-5.71,84,90,3.44,light snow
699,Ouesso,CG,1.6136,16.0517,88.21,51,40,0.92,scattered clouds
700,Hun,LY,29.1268,15.9477,60.21,23,2,4.83,clear sky
701,Moengo,SR,5.6167,-54.4,88.63,58,53,3.09,broken clouds
702,Micheweni,TZ,-4.9667,39.8333,80.87,75,60,11.95,broken clouds
703,Wadersloh,DE,51.7333,8.25,42.26,76,100,7.02,overcast clouds
704,Bontang,ID,0.1333,117.5,79.25,83,90,0.65,overcast clouds
705,Hamilton,US,39.1834,-84.5333,33.73,81,40,1.01,light snow
706,Goderich,CA,43.7501,-81.7165,24.91,93,100,9.22,light snow
707,Birobidzhan,RU,48.8,132.95,1.17,99,54,1.88,broken clouds
708,Sao Jose Da Coroa Grande,BR,-8.8978,-35.1478,85.39,63,47,13.15,scattered clouds
709,Andros Town,BS,24.7,-77.7667,82.36,72,11,7.34,few clouds
710,Byron Bay,AU,-28.65,153.6167,68.11,91,94,5.66,overcast clouds
711,Ankazoabo,MG,-22.2833,44.5167,90.41,25,79,3.65,broken clouds
712,Gawler,AU,-34.6,138.7333,56.71,69,0,5.32,clear sky
713,Zonguldak,TR,41.25,31.8333,45.39,93,100,3.42,overcast clouds
714,Kingman,US,35.1894,-114.053,51.28,52,88,1.99,overcast clouds
715,Aksay,RU,47.26,39.87,48.25,61,100,8.99,overcast clouds
716,Iracoubo,GF,5.4802,-53.2011,81.57,78,92,3.94,overcast clouds
717,Kindu,CD,-2.95,25.95,75.63,86,96,3.44,light rain
718,Evensk,RU,61.95,159.2333,-16.19,76,100,10.76,overcast clouds
719,Fare,PF,-16.7,-151.0167,80.33,76,65,16.4,broken clouds
720,Zlobin,HR,45.2924,14.6541,36.7,80,90,5.75,light rain
721,Sambava,MG,-14.2667,50.1667,77.67,76,6,8.63,clear sky
722,Boshnyakovo,RU,49.6333,142.1667,22.53,84,4,9.28,clear sky
723,Skjervoy,NO,70.0311,20.9714,24.98,77,1,17.4,clear sky
724,Nynashamn,SE,58.9034,17.9479,33.15,69,100,17.98,overcast clouds
